{
  "Extensions": [
    {
      "extensionName": "Backlog Essentials",
      "link": "<a href='https://marketplace.visualstudio.com/items?itemName=agile-extensions.backlog-essentials' target='_blank'><b>Backlog Essentials</b></a>",
      "publisherId": "agile-extensions",
      "extensionId": "backlog-essentials",
      "publisherName": "Agile Extensions",
      "License": "<a href='https://marketplace.visualstudio.com/items?itemName=agile-extensions.backlog-essentials' target='_blank'>License Terms</a>"
    },
    {
      "extensionName": "Bravo Notes",
      "link": "<a href='https://marketplace.visualstudio.com/items?itemName=agile-extensions.bravo-notes' target='_blank'><b>Bravo Notes</b></a>",
      "publisherId": "agile-extensions",
      "extensionId": "bravo-notes",
      "publisherName": "Agile Extensions",
      "License": "<a href='https://marketplace.visualstudio.com/items?itemName=agile-extensions.bravo-notes' target='_blank'>License Terms</a>"
    },
    {
      "extensionName": "Kudu ZipDeploy",
      "link": "<a href='https://marketplace.visualstudio.com/items?itemName=arjanvanrijn.kudu-zipdeploy' target='_blank'><b>Kudu ZipDeploy</b></a>",
      "publisherId": "arjanvanrijn",
      "extensionId": "kudu-zipdeploy",
      "publisherName": "Arjan van Rijn",
      "License": "<a href='https://marketplace.visualstudio.com/items?itemName=arjanvanrijn.kudu-zipdeploy' target='_blank'>License Terms</a>"
    },
    {
      "extensionName": "WorkItem Updater",
      "link": "<a href='https://marketplace.visualstudio.com/items?itemName=BlueBasher.bluebasher-workitemupdater' target='_blank'><b>WorkItem Updater</b></a>",
      "publisherId": "BlueBasher",
      "extensionId": "bluebasher-workitemupdater",
      "publisherName": "Blue Basher",
      "License": "<a href='https://marketplace.visualstudio.com/items?itemName=BlueBasher.bluebasher-workitemupdater' target='_blank'>License Terms</a>"
    },
    {
      "extensionName": "Split!",
      "link": "<a href='https://marketplace.visualstudio.com/items?itemName=blueprint.vsts-extension-split-work' target='_blank'><b>Split!</b></a>",
      "publisherId": "blueprint",
      "extensionId": "vsts-extension-split-work",
      "publisherName": "Microsoft DevLabs",
      "License": "<a href='https://marketplace.visualstudio.com/items?itemName=blueprint.vsts-extension-split-work' target='_blank'>License Terms</a>"
    },
    {
      "extensionName": "Azure DevOps Open in Excel",
      "link": "<a href='https://marketplace.visualstudio.com/items?itemName=blueprint.vsts-open-work-items-in-excel' target='_blank'><b>Azure DevOps Open in Excel</b></a>",
      "publisherId": "blueprint",
      "extensionId": "vsts-open-work-items-in-excel",
      "publisherName": "Microsoft DevLabs",
      "License": "<a href='https://marketplace.visualstudio.com/items?itemName=blueprint.vsts-open-work-items-in-excel' target='_blank'>License Terms</a>"
    },
    {
      "extensionName": "File Creator",
      "link": "<a href='https://marketplace.visualstudio.com/items?itemName=eliostruyf.build-task' target='_blank'><b>File Creator</b></a>",
      "publisherId": "eliostruyf",
      "extensionId": "build-task",
      "publisherName": "Elio Struyf",
      "License": "<a href='https://marketplace.visualstudio.com/items?itemName=eliostruyf.build-task' target='_blank'>License Terms</a>"
    },
    {
      "extensionName": "Google LightHouse Scan",
      "link": "<a href='https://marketplace.visualstudio.com/items?itemName=gurucharan.lighthouse' target='_blank'><b>Google LightHouse Scan</b></a>",
      "publisherId": "gurucharan",
      "extensionId": "lighthouse",
      "publisherName": "Gurucharan",
      "License": "<a href='https://marketplace.visualstudio.com/items?itemName=gurucharan.lighthouse' target='_blank'>License Terms</a>"
    },
    {
      "extensionName": "Power Platform Build Tools (2.0.10)",
      "link": "<a href='https://marketplace.visualstudio.com/items?itemName=microsoft-IsvExpTools.PowerPlatform-BuildTools' target='_blank'><b>Power Platform Build Tools (2.0.10)</b></a>",
      "publisherId": "microsoft-IsvExpTools",
      "extensionId": "PowerPlatform-BuildTools",
      "publisherName": "Microsoft",
      "License": "<a href='https://marketplace.visualstudio.com/items?itemName=microsoft-IsvExpTools.PowerPlatform-BuildTools' target='_blank'>License Terms</a>"
    },
    {
      "extensionName": "Cascading Lists",
      "link": "<a href='https://marketplace.visualstudio.com/items?itemName=ms-devlabs.cascading-picklists-extension' target='_blank'><b>Cascading Lists</b></a>",
      "publisherId": "ms-devlabs",
      "extensionId": "cascading-picklists-extension",
      "publisherName": "Microsoft DevLabs",
      "License": "<a href='https://marketplace.visualstudio.com/items?itemName=ms-devlabs.cascading-picklists-extension' target='_blank'>License Terms</a>"
    },
    {
      "extensionName": "Pull Request Merge Conflict Extension",
      "link": "<a href='https://marketplace.visualstudio.com/items?itemName=ms-devlabs.conflicts-tab' target='_blank'><b>Pull Request Merge Conflict Extension</b></a>",
      "publisherId": "ms-devlabs",
      "extensionId": "conflicts-tab",
      "publisherName": "Microsoft DevLabs",
      "License": "<a href='https://marketplace.visualstudio.com/items?itemName=ms-devlabs.conflicts-tab' target='_blank'>License Terms</a>"
    },
    {
      "extensionName": "Terraform",
      "link": "<a href='https://marketplace.visualstudio.com/items?itemName=ms-devlabs.custom-terraform-tasks' target='_blank'><b>Terraform</b></a>",
      "publisherId": "ms-devlabs",
      "extensionId": "custom-terraform-tasks",
      "publisherName": "Microsoft DevLabs",
      "License": "<a href='https://marketplace.visualstudio.com/items?itemName=ms-devlabs.custom-terraform-tasks' target='_blank'>License Terms</a>"
    },
    {
      "extensionName": "Estimate",
      "link": "<a href='https://marketplace.visualstudio.com/items?itemName=ms-devlabs.estimate' target='_blank'><b>Estimate</b></a>",
      "publisherId": "ms-devlabs",
      "extensionId": "estimate",
      "publisherName": "Microsoft DevLabs",
      "License": "<a href='https://marketplace.visualstudio.com/items?itemName=ms-devlabs.estimate' target='_blank'>License Terms</a>"
    },
    {
      "extensionName": "Work Item Visualization",
      "link": "<a href='https://marketplace.visualstudio.com/items?itemName=ms-devlabs.WorkItemVisualization' target='_blank'><b>Work Item Visualization</b></a>",
      "publisherId": "ms-devlabs",
      "extensionId": "WorkItemVisualization",
      "publisherName": "Microsoft DevLabs",
      "License": "<a href='https://marketplace.visualstudio.com/items?itemName=ms-devlabs.WorkItemVisualization' target='_blank'>License Terms</a>"
    },
    {
      "extensionName": "Query Tile PRO",
      "link": "<a href='https://marketplace.visualstudio.com/items?itemName=mskold.mskold-Query-Tile-PRO' target='_blank'><b>Query Tile PRO</b></a>",
      "publisherId": "mskold",
      "extensionId": "mskold-Query-Tile-PRO",
      "publisherName": "MSKOLD AB",
      "License": "<a href='https://marketplace.visualstudio.com/items?itemName=mskold.mskold-Query-Tile-PRO' target='_blank'>License Terms</a>"
    },
    {
      "extensionName": "Wiql Editor",
      "link": "<a href='https://marketplace.visualstudio.com/items?itemName=ottostreifel.wiql-editor' target='_blank'><b>Wiql Editor</b></a>",
      "publisherId": "ottostreifel",
      "extensionId": "wiql-editor",
      "publisherName": "Otto Streifel",
      "License": "<a href='https://marketplace.visualstudio.com/items?itemName=ottostreifel.wiql-editor' target='_blank'>License Terms</a>"
    },
    {
      "extensionName": "SharePoint Files Uploader",
      "link": "<a href='https://marketplace.visualstudio.com/items?itemName=projectumapsvsts.upload-sp-files-app' target='_blank'><b>SharePoint Files Uploader</b></a>",
      "publisherId": "projectumapsvsts",
      "extensionId": "upload-sp-files-app",
      "publisherName": "Projectum Aps",
      "License": "<a href='https://marketplace.visualstudio.com/items?itemName=projectumapsvsts.upload-sp-files-app' target='_blank'>License Terms</a>"
    },
    {
      "extensionName": "Replace Tokens",
      "link": "<a href='https://marketplace.visualstudio.com/items?itemName=qetza.replacetokens' target='_blank'><b>Replace Tokens</b></a>",
      "publisherId": "qetza",
      "extensionId": "replacetokens",
      "publisherName": "Guillaume Rouchon",
      "License": "<a href='https://marketplace.visualstudio.com/items?itemName=qetza.replacetokens' target='_blank'>License Terms</a>"
    },
    {
      "extensionName": "Release Summary Widget",
      "link": "<a href='https://marketplace.visualstudio.com/items?itemName=RetailManagerSolutions.vsts-extensions-myExtensions' target='_blank'><b>Release Summary Widget</b></a>",
      "publisherId": "RetailManagerSolutions",
      "extensionId": "vsts-extensions-myExtensions",
      "publisherName": "Retail Manager Solutions",
      "License": "<a href='https://marketplace.visualstudio.com/items?itemName=RetailManagerSolutions.vsts-extensions-myExtensions' target='_blank'>License Terms</a>"
    },
    {
      "extensionName": "PnP-PowerShell",
      "link": "<a href='https://marketplace.visualstudio.com/items?itemName=s-kainet.pnp-powershell' target='_blank'><b>PnP-PowerShell</b></a>",
      "publisherId": "s-kainet",
      "extensionId": "pnp-powershell",
      "publisherName": "Sergei Sergeev",
      "License": "<a href='https://marketplace.visualstudio.com/items?itemName=s-kainet.pnp-powershell' target='_blank'>License Terms</a>"
    },
    {
      "extensionName": "SpecMap",
      "link": "<a href='https://marketplace.visualstudio.com/items?itemName=techtalk.specmap' target='_blank'><b>SpecMap</b></a>",
      "publisherId": "techtalk",
      "extensionId": "specmap",
      "publisherName": "SpecFlow Team",
      "License": "<a href='https://marketplace.visualstudio.com/items?itemName=techtalk.specmap' target='_blank'>License Terms</a>"
    },
    {
      "extensionName": "Code Search",
      "link": "<a href='https://marketplace.visualstudio.com/items?itemName=ms.vss-code-search' target='_blank'><b>Code Search</b></a>",
      "publisherId": "ms",
      "extensionId": "vss-code-search",
      "publisherName": "Microsoft",
      "License": "<a href='https://marketplace.visualstudio.com/items?itemName=ms.vss-code-search' target='_blank'>License Terms</a>"
    }
  ]
}