{
  "count": 1,
  "value": [
    {
      "id": 31500,
      "rev": 1,
      "fields": {
        "System.AreaPath": "Business Applications - Low Code Project Template",
        "System.TeamProject": "Business Applications - Low Code Project Template",
        "System.IterationPath": "$ProjectName$\\0. Discovery and Environment Setup",
        "System.WorkItemType": "Product Backlog Item",
        "System.State": "New",
        "System.Reason": "New backlog item",
        "System.CreatedDate": "2022-09-27T10:23:23.5Z",
        "System.CreatedBy": "Jeremy Stokes <jeremy.stokes@engagesq.com>",
        "System.ChangedDate": "2022-09-27T10:23:23.5Z",
        "System.ChangedBy": "Jeremy Stokes <jeremy.stokes@engagesq.com>",
        "System.Title": "Testt",
        "Microsoft.VSTS.Scheduling.Effort": 0.0,
        "System.Description": "Testt",
        "System.AssignedTo": "Jeremy Stokes <jeremy.stokes@engagesq.com>",
        "Microsoft.VSTS.Scheduling.RemainingWork": 0.0,
        "Microsoft.VSTS.Common.Priority": 2.0,
        "System.BoardLane": null,
        "System.Tags": null,
        "Microsoft.VSTS.TCM.Steps": null,
        "Microsoft.VSTS.TCM.Parameters": null,
        "Microsoft.VSTS.TCM.LocalDataSource": null,
        "Microsoft.VSTS.TCM.AutomationStatus": null,
        "System.History": null
      },
      "relations": null,
      "url": "https://dev.azure.com/engagesq/_apis/wit/workItems/31500"
    }
  ],
  "HttpStatusCode": 0,
  "Message": null
}