[
  {
    "id": "856c2dc1-eec2-4e54-9465-a88d6378da38",
    "name": "Business Applications - Low Code Project Template Team",
    "description": "The default project team.",
    "isDefault": "true"
  },
  {
    "id": "b06e8635-63ab-47ba-b33a-2c12fb199d1c",
    "name": "Client - Project Team",
    "description": "This team should contain all the members of the client's project team. Typically, they should have a Stakeholder license, with the team given Contributor permissions",
    "isDefault": "false"
  },
  {
    "id": "029bb3db-800d-4469-bfcd-1dd7a1faf4ad",
    "name": "UAT Testers",
    "description": "This team should contain all the members who will conduct UAT. Typically, they should have a Stakeholder license, with the team given Reader permissions",
    "isDefault": "false"
  }
]